<?xml version="1.0"?>
<!DOCTYPE hibernate-mapping PUBLIC
"-//Hibernate/Hibernate Mapping DTD 3.0//EN"
"http://www.hibernate.org/dtd/hibernate-mapping-3.0.dtd">

<hibernate-mapping package="com.ecommerce">
	<class name="EProduct" table="eproduct">
		<id name="ID" column="ID">
			<generator class="increment" />
		</id>
		<property name="name" type="string" column="NAME" />
		<property name="price" type="big_decimal" column="PRICE" />
		<property name="dateAdded" type="timestamp"
			column="DATE_ADDED" />
			
			
			<component name="parts" class="com.ecommerce.ProductParts">
			<property name="hdd" column="parts_hdd" type="string" />
			<property name="cpu" column="parts_cpu" type="string" />
			<property name="ram" column="parts_ram" type="string" />
		</component>



		<list name="colors" cascade="all">
			<key column="product_id" />
			<list-index column="idx" />
			<one-to-many class="com.ecommerce.Color" />
		</list>

		<set name="os" cascade="all">
			<key column="product_id" />
			<one-to-many class="OS" />
		</set>

		<bag name="screenSizes" cascade="all">
			<key column="product_id"></key>
			<one-to-many class="com.ecommerce.ScreenSizes" />
		</bag>

		<map name="finance" cascade="all">
			<key column="product_id" />
			<index column="ftype" type="string" />
			<one-to-many class="com.ecommerce.Finance" />
		</map>

	</class>
</hibernate-mapping>